0.07,0.02,3.5,1
-5.35,-0.4,-1.57
-5.35,-0.4,-1.57
-5.35,-0.4,-1.57
-5.35,-0.4,-1.57
-5.349874791444241,-0.4016008671113186,-1.57
-5.349874791444241,-0.4016008671113186,-1.57
-5.349749332554814,-0.4032013336887701,-1.57
-5.349623623331721,-0.4048013997323544,-1.57
-5.349371453884533,-0.4080003302179216,-1.57
-5.349244993660439,-0.40959919465990446,-1.57
-5.3489913222112495,-0.4127957219422689,-1.57
-5.348736649427392,-0.41599064708916467,-1.57
-5.348352762749104,-0.4207800308055048,-1.57
-5.348095586628577,-0.4239709506137292,-1.57
-5.3477079449452845,-0.4287543263220622,-1.57
-5.347318050258989,-0.43353409722559094,-1.57
-5.346794686005925,-0.43990151762282265,-1.57
-5.346399534312623,-0.4446728773151414,-1.57
-5.345869160716884,-0.45102908276409315,-1.57
-5.345334781782474,-0.45737887967117064,-1.57
-5.344661175606953,-0.4653071137930068,-1.57
-5.344117784660532,-0.4716424914808672,-1.57
-5.343432913469998,-0.479552701578682,-1.57
-5.34274178393779,-0.4874528983298183,-1.57
-5.341904167488131,-0.4969199168135662,-1.57
-5.341057539026462,-0.506372516078097,-1.57
-5.340201898552782,-0.5158106961234108,-1.57
-5.339337246067091,-0.5252344569495074,-1.57
-5.338463581569389,-0.534643798556387,-1.57
-5.337432916140224,-0.5456031394734582,-1.57
-5.336389984361378,-0.5565428542310396,-1.57
-5.33533478623285,-0.5674629428291309,-1.57
-5.334113825494515,-0.5799190120520641,-1.57
-5.332876843401493,-0.5923494471075003,-1.57
-5.331623839953787,-0.6047542479954393,-1.57
-5.330354815151395,-0.6171334147158813,-1.57
-5.328908011723181,-0.6310293364355424,-1.57
-5.327440931267943,-0.6448928149119649,-1.57
-5.325953573785681,-0.6587238501451491,-1.57
-5.324445939276395,-0.6725224421350948,-1.57
-5.3227470081232715,-0.6878161602954338,-1.57
-5.321023043603452,-0.7030698250690588,-1.57
-5.319274045716935,-0.7182834364559696,-1.57
-5.3173212345032335,-0.7349721473199167,-1.57
-5.315338132915828,-0.7516123935859398,-1.57
-5.313324740954721,-0.7682041752540387,-1.57
-5.311281058619912,-0.7847474923242135,-1.57
-5.309017040935896,-0.8027394736361934,-1.57
-5.306716975203838,-0.8206737780713049,-1.57
-5.30418455810656,-0.8400375211225986,-1.57
-5.301809392274413,-0.8578516653975677,-1.57
-5.299195616735373,-0.8770852349420406,-1.57
-5.296333468476427,-0.8977226089351986,-1.57
-5.293631825820282,-0.9168155910923049,-1.57
-5.290675051435224,-0.9373015632836834,-1.57
-5.28745263130724,-0.9591637030869147,-1.57
-5.284394221453395,-0.9794870585282339,-1.57
-5.281062906180282,-1.0011749660992586,-1.57
-5.2776752658321024,-1.0227727535501765,-1.57
-5.273999700044637,-1.0457110610987712,-1.57
-5.27026004883843,-1.068546831977378,-1.57
-5.266456312213479,-1.0912800661859965,-1.57
-5.262344623455887,-1.1153217777829205,-1.57
-5.25840871065478,-1.1378435301096885,-1.57
-5.253904206651444,-1.1630579381139574,-1.57
-5.249575478604593,-1.18675238684807,-1.57
-5.24491326439107,-1.21171445851604,-1.57
-5.239904045992859,-1.2379225242890413,-1.57
-5.234804457140874,-1.2639859973360048,-1.57
-5.229614497835114,-1.2899048776569304,-1.57
-5.224334168075582,-1.3156791652518178,-1.57
-5.2186782960933265,-1.3426537860908832,-1.57
-5.212922290644285,-1.3694681933830917,-1.57
-5.206770716279165,-1.3974508912101065,-1.57
-5.200508744766914,-1.425256953601712,-1.57
-5.193830176310558,-1.4541976616832835,-1.57
-5.187342153497039,-1.4816420419928606,-1.57
-5.180109554913416,-1.5114975026713382,-1.57
-5.173067501972629,-1.5398566355778214,-1.57
-5.165247078216699,-1.570572776781141,-1.57
-5.157617200103605,-1.5997925902124654,-1.57
-5.1495143999713395,-1.6300569292136498,-1.57
-5.140920653795882,-1.6613369553462594,-1.57
-5.132170449078572,-1.6923666478119057,-1.57
-5.12326378581941,-1.7231460066105888,-1.57
-5.113834884808686,-1.7548909858073047,-1.57
-5.103864220020374,-1.7875703437604167,-1.57
-5.093970260558984,-1.8191110927096248,-1.57
-5.083293000405193,-1.8520768608346183,-1.57
-5.072453546212868,-1.8844560699568444,-1.57
-5.061052462551947,-1.9174014807944,-1.57
-5.049470187733578,-1.9497753269979379,-1.57
-5.03729395149247,-1.9826952589784101,-1.57
-5.0244997035100445,-2.0161373909961786,-1.57
-5.011908707552394,-2.0479775388477854,-1.57
-4.998677205878795,-2.0803732431383595,-1.57
-4.98477878329407,-2.1133123275314594,-1.57
-4.971077492468414,-2.144772889183336,-1.57
-4.956684581566226,-2.1768230224592067,-1.57
-4.942033191383373,-2.208480109900686,-1.57
-4.926648011507636,-2.240756515887014,-1.57
-4.911456422981534,-2.2717365274125623,-1.57
-4.895503685747656,-2.3033985213939143,-1.57
-4.879751578264164,-2.3338640219166527,-1.57
-4.863210328038813,-2.365079248959685,-1.57
-4.846362274115045,-2.3961318173021464,-1.57
-4.829726662133636,-2.4261289085641033,-1.57
-4.812258500571217,-2.456987467145665,-1.57
-4.795011411784652,-2.4868777101869464,-1.57
-4.776902186950251,-2.517709904074265,-1.57
-4.75902330074439,-2.5476558638079925,-1.57
-4.740825911289942,-2.577688969450702,-1.57
-4.722888813663839,-2.606903825351352,-1.57
-4.704049978172388,-2.637223641633144,-1.57
-4.685482233292452,-2.666790219709286,-1.57
-4.66659738130435,-2.6965841763728324,-1.57
-4.648015572456894,-2.7256672717948334,-1.57
-4.629128533556216,-2.7550293247600592,-1.57
-4.609932206491501,-2.784702800155008,-1.57
-4.590864490046956,-2.8140286907696637,-1.57
-4.571753634066028,-2.8432058659479873,-1.57
-4.552390141348401,-2.8725297243639187,-1.57
-4.533454635756726,-2.90096784554165,-1.57
-4.513594581177311,-2.9305372795814675,-1.57
-4.494179636546668,-2.959185162002065,-1.57
-4.474529178002146,-2.9879160529958217,-1.57
-4.454643205543745,-3.016716754985176,-1.57
-4.434521719171464,-3.045574070392565,-1.57
-4.414164718885305,-3.0744748016404264,-1.57
-4.393572204685267,-3.1034057511511985,-1.57
-4.37349209012368,-3.1313197209805015,-1.57
-4.353192983670234,-3.1592376839908436,-1.57
-4.331910750150978,-3.1881812101047236,-1.57
-4.311165549103004,-3.216070703213213,-1.57
-4.29020135616317,-3.243928250873391,-1.57
-4.269018171331476,-3.2717420196341283,-1.57
-4.247615994607924,-3.299500176044298,-1.57
-4.225994825992512,-3.3271908866527724,-1.57
-4.204154665485239,-3.354802318008423,-1.57
-4.182095513086108,-3.3823226366601222,-1.57
-4.160646390455544,-3.4087265247945857,-1.57
-4.138157365083504,-3.4360335798032873,-1.57
-4.115449347819604,-3.4632144600306223,-1.57
-4.0933753923563,-3.489258343301926,-1.57
-4.070237502119491,-3.516157134326891,-1.57
-4.046880619990823,-3.5428946884930737,-1.57
-4.024181831694778,-3.5684785269546815,-1.57
-4.0003950765932,-3.5948651663591225,-1.57
-3.977282336545466,-3.6200891328231246,-1.57
-3.9530657084709793,-3.646079260532741,-1.57
-3.928630088504633,-3.671849860679871,-1.57
-3.904892515624158,-3.6964474659230606,-1.57
-3.8800270226849025,-3.7217527288159937,-1.57
-3.8549425378537876,-3.7468034020690246,-1.57
-3.8305801321405726,-3.770674606144866,-1.57
-3.8050657743365486,-3.7951911165843284,-1.57
-3.7798623755786895,-3.8189441036290663,-1.57
-3.7544614418939277,-3.8424759095220833,-1.57
-3.7285667398640205,-3.8660758233401604,-1.57
-3.7022046862873497,-3.8897253533244296,-1.57
-3.675401697962298,-3.9134060077160235,-1.57
-3.649238364366243,-3.9361880044652766,-1.57
-3.6227152700616787,-3.958965241701849,-1.57
-3.5958558994861747,-3.9817212803194417,-1.57
-3.569776334588071,-4.0035318740325385,-1.57
-3.5423259861780263,-4.026198676797381,-1.57
-3.51572238711014,-4.047893290905874,-1.57
-3.4877712786809223,-4.070407705347208,-1.57
-3.460730254546006,-4.09192571347917,-1.57
-3.433506580554856,-4.113335101315335,-1.57
-3.4049767638137873,-4.135505362909744,-1.57
-3.377444694643381,-4.156647823847937,-1.57
-3.3497931739291205,-4.1776374256716675,-1.57
-3.322042979198363,-4.198459624111787,-1.57
-3.294214887978466,-4.219099874899142,-1.57
-3.2651668613417324,-4.240390978098713,-1.57
-3.237244246400396,-4.260614591967624,-1.57
-3.2081428664615137,-4.2814401221417695,-1.57
-3.1802123369014907,-4.3011864727203095,-1.57
-3.151147821475826,-4.321483277398273,-1.57
-3.122136871442875,-4.341485994292699,-1.57
-3.093202971240208,-4.36117818429729,-1.57
-3.0643696053053944,-4.380543408305746,-1.57
-3.0356602580760033,-4.3995652272117685,-1.57
-3.0059593404554072,-4.41896596362269,-1.57
-2.976444379032654,-4.43795900077858,-1.57
-2.9471417906061257,-4.45652584692057,-1.57
-2.916965280762844,-4.475335885147547,-1.57
-2.887075866027069,-4.4936456678803935,-1.57
-2.8575031300266205,-4.511434486579638,-1.57
-2.827201229931096,-4.529309743364829,-1.57
-2.7973047101892243,-4.546579364886828,-1.57
-2.766803009887406,-4.5638026547322355,-1.57
-2.736808212248526,-4.580325842506763,-1.57
-2.7073569740372507,-4.596123268475146,-1.57
-2.6780811858124385,-4.611400728659725,-1.57
-2.6484927430360425,-4.626445283714887,-1.57
-2.61923664450511,-4.640918126106835,-1.57
-2.5902966577763933,-4.654827372057197,-1.57
-2.5616565504066444,-4.668181137787593,-1.57
-2.5333000899526152,-4.680987539519649,-1.57
-2.504279158431104,-4.6936544063011425,-1.57
-2.4764493876543323,-4.705372864095594,-1.57
-2.447938027529671,-4.7169328594430535,-1.57
-2.4205678342953503,-4.7275969293673015,-1.57
-2.3924966963615715,-4.73808472788371,-1.57
-2.365518968534895,-4.74772796600516,-1.57
-2.3387096372768776,-4.7568814653018,-1.57
-2.31205247014427,-4.765553341995253,-1.57
-2.285531234693825,-4.773751712307146,-1.57
-2.259129698482294,-4.781484692459101,-1.57
-2.2328316290664296,-4.788760398672743,-1.57
-2.2074932545054105,-4.795366546261681,-1.57
-2.1813513161435254,-4.8017666238853876,-1.57
-2.156133522917771,-4.807541503179181,-1.57
-2.1318205976995865,-4.812740024959586,-1.57
-2.107528987616592,-4.8175746183015775,-1.57
-2.083245495091225,-4.8220518819939375,-1.57
-2.0589569225459234,-4.8261784148254465,-1.57
-2.035518637720374,-4.829831581188366,-1.57
-2.0120515240756163,-4.833170674123101,-1.57
-1.9894152697196477,-4.836094779669586,-1.57
-1.9676042448002684,-4.838641859600763,-1.57
-1.944863336676271,-4.841020795634956,-1.57
-1.9238107272546694,-4.842976877190537,-1.57
-1.9018094470783937,-4.844774208624162,-1.57
-1.88149588624657,-4.846215213546427,-1.57
-1.8602170326381868,-4.847505779357677,-1.57
-1.8406307679068292,-4.848501118575957,-1.57
-1.8003001890111934,-4.849991641635152,-1.57
-1.7800445981976851,-4.8504413215659445,-1.57
-1.760742642316144,-4.850659136889569,-1.57
-1.740274334786096,-4.8506741902874095,-1.57
-1.7205178031590302,-4.8504851132687525,-1.57
-1.700564721894698,-4.85009732138526,-1.57
-1.6804317941772013,-4.849510814636932,-1.57
-1.6601357231906424,-4.848725593023768,-1.57
-1.6406697391714817,-4.847793016669774,-1.57
-1.6201032903897563,-4.846619827939551,-1.57
-1.6004101223053098,-4.84531775909312,-1.57
-1.5806281367042272,-4.843835450006475,-1.57
-1.5607717624249509,-4.842172900679617,-1.57
-1.540855428305924,-4.840330111112545,-1.57
-1.5208935631855889,-4.83830708130526,-1.57
-1.5009005959023882,-4.836103811257761,-1.57
-1.4808909552947649,-4.8337203009700485,-1.57
-1.4608790702011618,-4.831156550442122,-1.57
-1.4408793694600213,-4.828412559673983,-1.57
-1.4219040814788206,-4.8256388209217524,-1.57
-1.4019696411715534,-4.822543361685197,-1.57
-1.3820899502901547,-4.819267662208428,-1.57
-1.3622794376730676,-4.815811722491445,-1.57
-1.3425525321587346,-4.8121755425342485,-1.57
-1.3229236625855985,-4.808359122336839,-1.57
-1.3034072577921019,-4.804362461899216,-1.57
-1.2840177466166875,-4.800185561221379,-1.57
-1.2647695578977982,-4.795828420303328,-1.57
-1.244726845891463,-4.791059438780846,-1.57
-1.2258134763646313,-4.786332805370358,-1.57
-1.2061541590365734,-4.781175856730815,-1.57
-1.1867158716738049,-4.775820193226438,-1.57
-1.167515317460428,-4.7702658148572255,-1.57
-1.1485691995805452,-4.764512721623176,-1.57
-1.1298942212182583,-4.758560913524293,-1.57
-1.1106389717873573,-4.752112551908076,-1.57
-1.0917188361372987,-4.745446099601201,-1.57
-1.07315301905205,-4.738561556603669,-1.57
-1.0541429890330862,-4.731130894022744,-1.57
-1.0355631552330928,-4.723461863724137,-1.57
-1.0174354621117363,-4.715554465707847,-1.57
-0.9990253993274634,-4.707049129039105,-1.57
-0.9811564757001457,-4.698284246424456,-1.57
-0.9638536242626125,-4.689259817863899,-1.57
-0.9464586449922233,-4.679583378578825,-1.57
-0.9290784315337748,-4.669221133524195,-1.57
-0.9002002001667928,-4.650141736140749,-1.57
-0.8840436972147722,-4.63821105086684,-1.57
-0.8685924587849857,-4.625825291609,-1.57
-0.8536403679850767,-4.612866389128737,-1.57
-0.8386553898042459,-4.59884745626187,-1.57
-0.8247017791335844,-4.584794248129052,-1.57
-0.8112293467781249,-4.570239774032512,-1.57
-0.7982321760123031,-4.555207700874506,-1.57
-0.7852492928860481,-4.539139730931597,-1.57
-0.7732019455008379,-4.52320797911558,-1.57
-0.7620330659970269,-4.507482556054251,-1.57
-0.7508777743341181,-4.49077675567294,-1.57
-0.7401681606330276,-4.47371169074144,-1.57
-0.7298983081681917,-4.456311028162009,-1.57
-0.7200623002140463,-4.438598434836901,-1.57
-0.7109951054113474,-4.421269140437583,-1.57
-0.7019935117735294,-4.403013064171076,-1.57
-0.6937188500137739,-4.385204323985971,-1.57
-0.6855288722257415,-4.366495958644232,-1.57
-0.6780247894300371,-4.34829558898891,-1.57
-0.6708906998609043,-4.329935205786465,-1.57
-0.6638681711147029,-4.310721945628136,-1.57
-0.6574719365052349,-4.29210082897302,-1.57
-0.6512042425223374,-4.272662404085384,-1.57
-0.645523908793642,-4.253868370293165,-1.57
-0.6399882511075063,-4.234295974542392,-1.57
-0.6350018641806912,-4.215416839928639,-1.57
-0.6301754443247758,-4.195801667180896,-1.57
-0.6257015687875431,-4.176199764455507,-1.57
-0.6215743208434292,-4.156634798654729,-1.57
-0.6177877837668704,-4.137130436680819,-1.57
-0.6143360408323023,-4.11771034543603,-1.57
-0.6111037523641263,-4.09768530836712,-1.57
-0.6082185549487037,-4.077802747527407,-1.57
-0.6056738497972537,-4.05808905807202,-1.57
-0.603390173071361,-4.037877491320172,-1.57
-0.6000167000389272,-4.000225169563041,-1.57
-0.5990007802630786,-3.9804113303481183,-1.57
-0.5988870009394367,-3.960143287530535,-1.57
-0.5996217408036185,-3.9405433026633063,-1.57
-0.6012091071536337,-3.920255706515127,-1.57
-0.6034987690524495,-3.9006292337574267,-1.57
-0.6064870864141908,-3.8809841798121205,-1.57
-0.6101308042565535,-3.861316879002742,-1.57
-0.6143866675972337,-3.841623665652825,-1.57
-0.619211421453927,-3.8219008740859026,-1.57
-0.6243690362459975,-3.8028266746135726,-1.57
-0.6299777280040307,-3.783718185006683,-1.57
-0.6359985638742184,-3.764572105870844,-1.57
-0.6423926110027516,-3.745385137811665,-1.57
-0.6488753220782085,-3.726841606543342,-1.57
-0.6558891155065298,-3.7075647152575804,-1.57
-0.6628970119526365,-3.688928334413879,-1.57
-0.6701097171933147,-3.670241880540868,-1.57
-0.6772162702750686,-3.652197430494696,-1.57
-0.6847294898939063,-3.6334040819247857,-1.57
-0.6923440851789388,-3.6145518948062123,-1.57
-0.6997398857033338,-3.5963395652247594,-1.57
-0.7074519599663792,-3.577363277019444,-1.57
-0.7148768646035362,-3.5590259541680718,-1.57
-0.722268689538719,-3.5406233005422387,-1.57
-0.7295962629498367,-3.5221526744621072,-1.57
-0.7368284130147984,-3.5036114342478384,-1.57
-0.7439339679115128,-3.4849969382195947,-1.57
-0.7511454047671116,-3.4655861318571937,-1.57
-0.7578963644694592,-3.4468141256685962,-1.57
-0.7644260146210524,-3.427960837023438,-1.57
-0.7707031833998003,-3.4090236242418808,-1.57
-0.7766966989836118,-3.3899998456440867,-1.57
-0.7823753895503961,-3.3708868595502173,-1.57
-0.7877080832780621,-3.3516820242804344,-1.57
-0.7926636083445187,-3.3323826981549,-1.57
-0.7999482610486595,-3.3002501584343245,-1.57
-0.8039956349480112,-3.280453146215778,-1.57
-0.807917867322056,-3.2608386022080094,-1.57
-0.8117677537940698,-3.241156367976694,-1.57
-0.815546351035988,-3.2214064435218317,-1.57
-0.8191133722122582,-3.2023522964609272,-1.57
-0.8227552020817475,-3.1824695950291075,-1.57
-0.8263288720957187,-3.162519203373741,-1.57
-0.8297017990088641,-3.1432722993892748,-1.57
-0.8331448400390009,-3.123189130756951,-1.57
-0.8363941168167056,-3.1038145566023334,-1.57
-0.8397105945489602,-3.0835986109930524,-1.57
-0.8428401305046398,-3.0640963666682834,-1.57
-0.8459123978327387,-3.0445315389267735,-1.57
-0.8489283359107599,-3.024904127768523,-1.57
-0.8518888841162059,-3.005214133193532,-1.57
-0.8549101064512525,-2.9846701503470623,-1.57
-0.8577605721384061,-2.9648524856019196,-1.57
-0.8604475832721215,-2.945768648968113,-1.57
-0.8631959657622951,-2.9258283207261586,-1.57
-0.8658936552674075,-2.9058254090674636,-1.57
-0.8685415911649615,-2.885759913992027,-1.57
-0.8710376734154257,-2.866438160241139,-1.57
-0.8735908171884255,-2.8462500016688908,-1.57
-0.8759976311813724,-2.826810490961063,-1.57
-0.8784595915424325,-2.8064996688920028,-1.57
-0.8807806016419725,-2.7869424012272352,-1.57
-0.8831549873037075,-2.766508915661363,-1.57
-0.8853936578739505,-2.7468338910396564,-1.57
-0.8875023817618304,-2.727924536971723,-1.57
-0.8896653287458433,-2.7081365617994826,-1.57
-0.8917030114594083,-2.6891189634539545,-1.57
-0.8936206005168617,-2.670878651144347,-1.57
-0.8955080406499891,-2.6525898742368152,-1.57
-0.8972821517138277,-2.635087195110282,-1.57
-0.8990299324320745,-2.617540357124896,-1.57
-0.9006705154556081,-2.600788028131718,-1.57
-0.9022078540857613,-2.584836216138755,-1.57
-0.9038042345631262,-2.5680057830414844,-1.57
-0.905222188721257,-2.5528241476083,-1.57
-0.9066227070710138,-2.537610068931878,-1.57
-0.9080061402331704,-2.5223635470122168,-1.57
-0.9099749805403589,-2.500283516785261,-1.57
-0.9112514989228847,-2.485511667810215,-1.57
-0.9125246352383778,-2.4701096379820346,-1.57
-0.913679499453999,-2.455506797261165,-1.57
-0.9147896855262243,-2.4408505968253293,-1.57
-0.9159181203115495,-2.4252757479895077,-1.57
-0.9169409722652908,-2.4105143396113666,-1.57
-0.9179236635044721,-2.3957040889470953,-1.57
-0.918867670880828,-2.3808464728484284,-1.57
-0.9197744712460934,-2.3659429681671007,-1.57
-0.920645541452003,-2.350995051754847,-1.57
-0.9214823583502917,-2.3360042004634014,-1.57
-0.9222863987926941,-2.3209718911445,-1.57
-0.9230591396309451,-2.3058996006498766,-1.57
-0.9238020577167795,-2.290788805831266,-1.57
-0.924516629901932,-2.275640983540404,-1.57
-0.9252043330381372,-2.260457610629024,-1.57
-0.9258283609554528,-2.2461362246368664,-1.57
-0.9264681224522875,-2.230888057623656,-1.57
-0.9270853585817478,-2.2156086836715008,-1.57
-0.927647032540934,-2.201200911689185,-1.57
-0.9282247588834884,-2.185865175487664,-1.57
-0.9287843035402416,-2.1705025760287717,-1.57
-0.9292956475733338,-2.1560204420883338,-1.57
-0.929824114295646,-2.1406099122325406,-1.57
-0.9303088273422655,-2.1260852861644914,-1.57
-0.9308117811527639,-2.110632390934424,-1.57
-0.9312751008812651,-2.0960705104071176,-1.57
-0.9317581068025763,-2.080580814825403,-1.57
-0.9322052708813142,-2.0659869175071948,-1.57
-0.9326738939360651,-2.05046598659646,-1.57
-0.9331101400333942,-2.035845310155704,-1.57
-0.9335429779322029,-2.0212135352661784,-1.57
-0.9340005110284869,-2.005656491043627,-1.57
-0.9344302080898075,-1.9910057141754745,-1.57
-0.934860267689054,-1.9763476095949988,-1.57
-0.9353189804497609,-1.960766721683521,-1.57
-0.9357536763554398,-1.9460973922683387,-1.57
-0.936192505535491,-1.9314245058772799,-1.57
-0.936664667583511,-1.9158320438997651,-1.57
-0.9371159102139153,-1.9011557098179206,-1.57
-0.9376040440642488,-1.8855623671802597,-1.57
-0.938072937813361,-1.8708878230759842,-1.57
-0.9385522750488576,-1.856216032207844,-1.57
-0.9390743910248096,-1.8406316483424519,-1.57
-0.9395791565229348,-1.8259694245958014,-1.57
-0.9400981362438908,-1.8113137248217328,-1.57
-0.9406665039683512,-1.7957505693514997,-1.57
-0.9412186890958564,-1.781112213842841,-1.57
-0.9417888591826388,-1.766484153043211,-1.57
-0.9424157482784974,-1.7509544955910261,-1.57
-0.9430269009157495,-1.7363515562007268,-1.57
-0.9437001164827956,-1.7208513727572696,-1.57
-0.9443574893388721,-1.7062787924446559,-1.57
-0.9450825963997326,-1.690813648032553,-1.57
-0.9457914271429881,-1.6762766644659797,-1.57
-0.9465739907202898,-1.6608521241078582,-1.57
-0.9473395170190791,-1.6463559749556798,-1.57
-0.948185102135449,-1.6309776036741663,-1.57
-0.9490125616581269,-1.6165275266047376,-1.57
-0.9499816616662969,-1.6003002056945368,-1.57
-0.950897044056765,-1.5855903935957305,-1.57
-0.9518852898331718,-1.5702801867911942,-1.57
-0.9529082889232118,-1.5549699799866579,-1.57
-0.95390153592429,-1.5405603735823883,-1.57
-0.954987781402797,-1.525250166777852,-1.57
-0.9560379355823729,-1.5108405603735824,-1.57
-0.9571818624267203,-1.495530353569046,-1.57
-0.95835333207329,-1.4802201467645097,-1.57
-0.9594797293039999,-1.4658105403602402,-1.57
-0.9607004484639449,-1.4505003335557038,-1.57
-0.9618705793436543,-1.4360907271514343,-1.57
-0.9631349829943476,-1.420780520346898,-1.57
-0.9644197189358522,-1.4054703135423616,-1.57
-0.9656461329735166,-1.391060707138092,-1.57
-0.9669661215533049,-1.3757505003335557,-1.57
-0.9682230957104705,-1.3613408939292864,-1.57
-0.9695727719059153,-1.3460306871247498,-1.57
-0.9709355698807604,-1.3307204803202135,-1.57
-0.972228867302702,-1.3163108739159441,-1.57
-0.9736129210407387,-1.3010006671114076,-1.57
-0.9749236050526834,-1.286591060707138,-1.57
-0.9763233495312849,-1.2712808539026017,-1.57
-0.9776461824648779,-1.2568712474983323,-1.57
-0.9790560526614174,-1.2415610406937958,-1.57
-0.9804689672961081,-1.2262508338892595,-1.57
-0.9818002277401545,-1.2118412274849901,-1.57
-0.9832148362403181,-1.1965310206804538,-1.57
-0.9845450720765146,-1.1821214142761842,-1.57
-0.9859558094195244,-1.166811207471648,-1.57
-0.9873623806892746,-1.1515010006671114,-1.57
-0.9886810841427455,-1.137091394262842,-1.57
-0.9900753524028767,-1.1217811874583057,-1.57
-0.9913798577189995,-1.107371581054036,-1.57
-0.9927562579468849,-1.0920613742494998,-1.57
-0.9941212815900999,-1.0767511674449635,-1.57
-0.9953942946303179,-1.0623415610406939,-1.57
-0.9967330183888221,-1.0470313542361576,-1.57
-0.9979786597621939,-1.0326217478318882,-1.57
-0.9992855186133606,-1.0173115410273517,-1.57
-1.0004985506515314,-1.002901934623082,-1.57
-1.0017679795727334,-0.9875917278185458,-1.57
-1.0030159545680162,-0.9722815210140096,-1.57
-1.0041695985759596,-0.95787191460974,-1.57
-1.0053717117888128,-0.9425617078052035,-1.57
-1.0065480273941734,-0.9272515010006673,-1.57
-1.0076302593398538,-0.9128418945963979,-1.57
-1.0087522813103202,-0.8975316877918614,-1.57
-1.0097807945301582,-0.883122081387592,-1.57
-1.0108429578431033,-0.8678118745830556,-1.57
-1.0118721130371449,-0.8525016677785192,-1.57
-1.0128092543015408,-0.8380920613742497,-1.57
-1.013770118985596,-0.8227818545697134,-1.57
-1.0146403679946512,-0.808372248165444,-1.57
-1.0155273771460935,-0.7930620413609076,-1.57
-1.0163254962314532,-0.778652434956638,-1.57
-1.0170867578643734,-0.7642428285523686,-1.57
-1.0177658716533342,-0.750733822548366,-1.57
-1.018410494506401,-0.7372248165443633,-1.57
-1.0190196118958705,-0.7237158105403607,-1.57
-1.0199883160951726,-0.7003002001334228,-1.57
-1.0204834577287683,-0.6873915943962642,-1.57
-1.0209862028321306,-0.6738825883922615,-1.57
-1.0214412026296384,-0.6612741827885257,-1.57
-1.0218824641155033,-0.6486657771847898,-1.57
-1.022339998958612,-0.6351567711807872,-1.57
-1.0227528025132164,-0.6225483655770513,-1.57
-1.023179846715689,-0.6090393595730487,-1.57
-1.0235641923390333,-0.5964309539693128,-1.57
-1.0239607459008697,-0.5829219479653102,-1.57
-1.0243166335929534,-0.5703135423615743,-1.57
-1.0246587829733944,-0.5577051367578385,-1.57
-1.0250101262749771,-0.5441961307538359,-1.57
-1.0253238177241577,-0.5315877251501,-1.57
-1.0256446703851045,-0.5180787191460974,-1.57
-1.0259299039030245,-0.5054703135423615,-1.57
-1.0262202659233353,-0.49196130753835887,-1.57
-1.0264770415099949,-0.479352901934623,-1.57
-1.0267200787850117,-0.4667444963308872,-1.57
-1.0269652305450687,-0.45323549032688454,-1.57
-1.0271798098888252,-0.44062708472314865,-1.57
-1.027394471008246,-0.42711807871914603,-1.57
-1.0275805924207422,-0.4145096731154102,-1.57
-1.027764762899527,-0.4010006671114075,-1.57
-1.0279224263807627,-0.3883922615076717,-1.57
-1.0280663515503554,-0.37578385590393587,-1.57
-1.0282053117688867,-0.3622748498999332,-1.57
-1.028320779007219,-0.34966644429619737,-1.57
-1.028429248585114,-0.33615743829219474,-1.57
-1.028516257892186,-0.3235490326884589,-1.57
-1.0285942368294452,-0.31004002668445624,-1.57
-1.0286527882052567,-0.29743162108072035,-1.57
-1.0286976012694253,-0.2848232154769846,-1.57
-1.0287303699464307,-0.2713142094729819,-1.57
-1.0287467250793392,-0.2587058038692461,-1.57
-1.0287490031157085,-0.2451967978652434,-1.57
-1.0287369003173563,-0.23258839226150757,-1.57
-1.0287086877130895,-0.2190793862575049,-1.57
-1.0286681269834772,-0.20647098065376912,-1.57
-1.0286138279422217,-0.19386257505003324,-1.57
-1.0285404050777014,-0.18035356904603062,-1.57
-1.0284576481051855,-0.16774516344229473,-1.57
-1.028353734600029,-0.1542361574382921,-1.57
-1.028242519696253,-0.14162775183455634,-1.57
-1.0281081155504603,-0.1281187458305536,-1.57
-1.0279684427154239,-0.11551034022681783,-1.57
-1.027803547928995,-0.1020013342228151,-1.57
-1.0276354171626982,-0.08939292861907921,-1.57
-1.0274535480847584,-0.07678452301534344,-1.57
-1.0272434430380761,-0.06327551701134082,-1.57
-1.027033116028876,-0.05066711140760494,-1.57
-1.0267925203415575,-0.037158105403602315,-1.57
-1.026553735401097,-0.02454969979986643,-1.57
-1.0262826490731425,-0.01104069379586381,-1.57
-1.0260154062014213,0.0015677118078719632,-1.57
-1.0257344250180573,0.014176117411607847,-1.57
-1.0254181284298494,0.02768512341561047,-1.57
-1.025108689315225,0.04029352901934624,-1.57
-1.024761902086381,0.053802535023348974,-1.57
-1.0244240050404962,0.06641094062708475,-1.57
-1.0240467271710159,0.07991994663108737,-1.57
-1.023680372193871,0.09252835223482325,-1.57
-1.023300278905083,0.10513675783855914,-1.57
-1.0229064473046519,0.1177451634422948,-1.57
-1.0225284451364285,0.12945296864576394,-1.57
-1.0221385971790844,0.14116077384923287,-1.57
-1.021768223512139,0.15196797865243505,-1.57
-1.0213877563917417,0.16277518345563702,-1.57
-1.0209971958178925,0.1735823882588392,-1.57
-1.0206303151400467,0.18348899266177454,-1.57
-1.0200116705555538,0.1996997998665777,-1.57
